{
  "id": "GHSA-36gf-vpj2-j42w",
  "summary": "Cross site scripting in Apache JSPWiki",
  "details": "XSS in Upload page in Apache JSPWiki 2.12.1 and priors allows the attacker to execute javascript in the victim's browser and get some sensitive information about the victim.  Apache JSPWiki users should upgrade to 2.12.2 or later. ",
  "aliases": [
    "CVE-2024-27136"
  ],
  "modified": "2024-06-25T02:45:50.337087Z",
  "published": "2024-06-24T09:30:53Z",
  "database_specific": {
    "nvd_published_at": "2024-06-24T08:15:09Z",
    "cwe_ids": [
      "CWE-79"
    ],
    "severity": "MODERATE",
    "github_reviewed": true,
    "github_reviewed_at": "2024-06-24T21:31:14Z"
  },
  "references": [
    {
      "type": "ADVISORY",
      "url": "https://nvd.nist.gov/vuln/detail/CVE-2024-27136"
    },
    {
      "type": "PACKAGE",
      "url": "https://github.com/apache/jspwiki"
    },
    {
      "type": "WEB",
      "url": "https://jspwiki-wiki.apache.org/Wiki.jsp?page=CVE-2024-27136"
    },
    {
      "type": "WEB",
      "url": "https://lists.apache.org/thread/gfms8gbncqqkj52p861b8fnsypwsl1d5"
    }
  ],
  "affected": [
    {
      "package": {
        "name": "org.apache.jspwiki:jspwiki-main",
        "ecosystem": "Maven",
        "purl": "pkg:maven/org.apache.jspwiki/jspwiki-main"
      },
      "ranges": [
        {
          "type": "ECOSYSTEM",
          "events": [
            {
              "introduced": "0"
            },
            {
              "fixed": "2.12.2"
            }
          ]
        }
      ],
      "versions": [
        "2.11.0",
        "2.11.0.M1",
        "2.11.0.M2",
        "2.11.0.M3",
        "2.11.0.M4",
        "2.11.0.M5",
        "2.11.0.M6",
        "2.11.0.M7",
        "2.11.0.M8",
        "2.11.1",
        "2.11.2",
        "2.11.3",
        "2.12.0",
        "2.12.1"
      ],
      "database_specific": {
        "source": "https://github.com/github/advisory-database/blob/main/advisories/github-reviewed/2024/06/GHSA-36gf-vpj2-j42w/GHSA-36gf-vpj2-j42w.json"
      }
    }
  ],
  "schema_version": "1.6.0",
  "severity": [
    {
      "type": "CVSS_V3",
      "score": "CVSS:3.1/AV:N/AC:L/PR:N/UI:R/S:U/C:L/I:L/A:L"
    },
    {
      "type": "CVSS_V4",
      "score": "CVSS:4.0/AV:N/AC:L/AT:N/PR:N/UI:P/VC:L/VI:L/VA:L/SC:N/SI:N/SA:N"
    }
  ]
}