{
  "id": "GHSA-2858-8cfx-69m9",
  "summary": "XWiki Platform: Remote code execution as guest via DatabaseSearch",
  "details": "### Impact\nXWiki's database search allows remote code execution through the search text. This allows remote code execution for any visitor of a public wiki or user of a closed wiki as the database search is by default accessible for all users. This impacts the confidentiality, integrity and availability of the whole XWiki installation.\n\nTo reproduce on an instance, without being logged in, go to `<hostname>/xwiki/bin/get/Main/DatabaseSearch?outputSyntax=plain&text=%7D%7D%7D%7B%7Basync%20async%3Dfalse%7D%7D%7B%7Bgroovy%7D%7Dprintln%28%22Hello%20from%22%20%2B%20%22%20search%20text%3A%22%20%2B%20%2823%20%2B%2019%29%29%7B%7B%2Fgroovy%7D%7D%7B%7B%2Fasync%7D%7D%20`. If the title of the RSS channel contains `Hello from search text:42`, the instance is vulnerable.\n\n### Patches\nThis vulnerability has been patched in XWiki 14.10.20, 15.5.4 and 15.10RC1.\n\n### Workarounds\nIt is possible to manually apply [this patch](https://github.com/xwiki/xwiki-platform/commit/95bdd6cc6298acdf7f8f21298d40eeb8390a8565#diff-ef3314b8bb489e5368618ea1940c59098b18ec2246cc65fe337ae636de87e404) to the page `Main.DatabaseSearch`. Alternatively, unless database search is explicitly used by users, this page can be deleted as this is not the default search interface of XWiki.\n\n### References\n* https://jira.xwiki.org/browse/XWIKI-21472\n* https://github.com/xwiki/xwiki-platform/commit/95bdd6cc6298acdf7f8f21298d40eeb8390a8565\n",
  "aliases": [
    "CVE-2024-31982"
  ],
  "modified": "2024-07-09T21:43:18Z",
  "published": "2024-04-10T17:12:47Z",
  "database_specific": {
    "nvd_published_at": "2024-04-10T20:15:08Z",
    "cwe_ids": [
      "CWE-95"
    ],
    "severity": "CRITICAL",
    "github_reviewed": true,
    "github_reviewed_at": "2024-04-10T17:12:47Z"
  },
  "references": [
    {
      "type": "WEB",
      "url": "https://github.com/xwiki/xwiki-platform/security/advisories/GHSA-2858-8cfx-69m9"
    },
    {
      "type": "ADVISORY",
      "url": "https://nvd.nist.gov/vuln/detail/CVE-2024-31982"
    },
    {
      "type": "WEB",
      "url": "https://github.com/xwiki/xwiki-platform/commit/3c9e4bb04286de94ad24854026a09fa967538e31"
    },
    {
      "type": "WEB",
      "url": "https://github.com/xwiki/xwiki-platform/commit/459e968be8740c8abc2a168196ce21e5ba93cfb8"
    },
    {
      "type": "WEB",
      "url": "https://github.com/xwiki/xwiki-platform/commit/95bdd6cc6298acdf7f8f21298d40eeb8390a8565"
    },
    {
      "type": "PACKAGE",
      "url": "https://github.com/xwiki/xwiki-platform"
    },
    {
      "type": "WEB",
      "url": "https://jira.xwiki.org/browse/XWIKI-21472"
    },
    {
      "type": "WEB",
      "url": "https://www.vicarius.io/vsociety/posts/xwiki-rce-cve-2024-31982"
    }
  ],
  "affected": [
    {
      "package": {
        "name": "org.xwiki.platform:xwiki-platform-search-ui",
        "ecosystem": "Maven",
        "purl": "pkg:maven/org.xwiki.platform/xwiki-platform-search-ui"
      },
      "ranges": [
        {
          "type": "ECOSYSTEM",
          "events": [
            {
              "introduced": "2.4-milestone-1"
            },
            {
              "fixed": "14.10.20"
            }
          ]
        }
      ],
      "database_specific": {
        "source": "https://github.com/github/advisory-database/blob/main/advisories/github-reviewed/2024/04/GHSA-2858-8cfx-69m9/GHSA-2858-8cfx-69m9.json"
      },
      "versions": []
    },
    {
      "package": {
        "name": "org.xwiki.platform:xwiki-platform-search-ui",
        "ecosystem": "Maven",
        "purl": "pkg:maven/org.xwiki.platform/xwiki-platform-search-ui"
      },
      "ranges": [
        {
          "type": "ECOSYSTEM",
          "events": [
            {
              "introduced": "15.0-rc-1"
            },
            {
              "fixed": "15.5.4"
            }
          ]
        }
      ],
      "database_specific": {
        "source": "https://github.com/github/advisory-database/blob/main/advisories/github-reviewed/2024/04/GHSA-2858-8cfx-69m9/GHSA-2858-8cfx-69m9.json"
      },
      "versions": []
    },
    {
      "package": {
        "name": "org.xwiki.platform:xwiki-platform-search-ui",
        "ecosystem": "Maven",
        "purl": "pkg:maven/org.xwiki.platform/xwiki-platform-search-ui"
      },
      "ranges": [
        {
          "type": "ECOSYSTEM",
          "events": [
            {
              "introduced": "15.6-rc-1"
            },
            {
              "fixed": "15.10-rc-1"
            }
          ]
        }
      ],
      "database_specific": {
        "source": "https://github.com/github/advisory-database/blob/main/advisories/github-reviewed/2024/04/GHSA-2858-8cfx-69m9/GHSA-2858-8cfx-69m9.json"
      },
      "versions": []
    }
  ],
  "schema_version": "1.6.0",
  "severity": [
    {
      "type": "CVSS_V3",
      "score": "CVSS:3.1/AV:N/AC:L/PR:N/UI:N/S:C/C:H/I:H/A:H"
    },
    {
      "type": "CVSS_V4",
      "score": "CVSS:4.0/AV:N/AC:L/AT:N/PR:N/UI:N/VC:H/VI:H/VA:H/SC:H/SI:H/SA:H"
    }
  ]
}