{
  "id": "GHSA-2326-hx7g-3m9r",
  "summary": "Apache MINA SSHD: integrity check bypass",
  "details": "Like many other SSH implementations, Apache MINA SSHD suffered from the issue that is more widely known as CVE-2023-48795. An attacker that can intercept traffic between client and server could drop certain packets from the stream, potentially causing client and server to consequently end up with a connection for which \nsome security features have been downgraded or disabled, aka a Terrapin \nattack\n\nThe mitigations to prevent this type of attack were implemented in Apache MINA SSHD 2.12.0, both client and server side. Users are recommended to upgrade to at least this version. Note that both the client and the server implementation must have mitigations applied against this issue, otherwise the connection may still be affected.",
  "aliases": [
    "CVE-2024-41909"
  ],
  "modified": "2024-08-12T20:12:02.522950Z",
  "published": "2024-08-12T18:30:47Z",
  "database_specific": {
    "nvd_published_at": "2024-08-12T16:15:15Z",
    "cwe_ids": [
      "CWE-354"
    ],
    "severity": "HIGH",
    "github_reviewed": true,
    "github_reviewed_at": "2024-08-12T19:52:15Z"
  },
  "references": [
    {
      "type": "ADVISORY",
      "url": "https://nvd.nist.gov/vuln/detail/CVE-2024-41909"
    },
    {
      "type": "WEB",
      "url": "https://github.com/apache/mina-sshd/issues/445"
    },
    {
      "type": "WEB",
      "url": "https://github.com/apache/mina-sshd/pull/449"
    },
    {
      "type": "WEB",
      "url": "https://github.com/apache/mina-sshd/commit/315739e4e9d1dc7a4ff32ea64936982ed0b73e76"
    },
    {
      "type": "WEB",
      "url": "https://github.com/apache/mina-sshd/commit/6b0fd46f64bcb75eeeee31d65f10242660aad7c1"
    },
    {
      "type": "WEB",
      "url": "https://github.com/apache/mina-sshd/commit/7b2c781640a7a78a9455b86593a1f63c9e8cab92"
    },
    {
      "type": "PACKAGE",
      "url": "https://github.com/apache/mina-sshd"
    },
    {
      "type": "WEB",
      "url": "https://github.com/apache/mina-sshd/releases/tag/sshd-2.12.0"
    },
    {
      "type": "WEB",
      "url": "https://lists.apache.org/thread/vwf1ot8wx1njyy8n19j5j2tcnjnozt3b"
    }
  ],
  "affected": [
    {
      "package": {
        "name": "org.apache.sshd:sshd-common",
        "ecosystem": "Maven",
        "purl": "pkg:maven/org.apache.sshd/sshd-common"
      },
      "ranges": [
        {
          "type": "ECOSYSTEM",
          "events": [
            {
              "introduced": "0"
            },
            {
              "fixed": "2.12.0"
            }
          ]
        }
      ],
      "versions": [
        "2.1.0",
        "2.10.0",
        "2.11.0",
        "2.2.0",
        "2.3.0",
        "2.4.0",
        "2.5.0",
        "2.5.1",
        "2.6.0",
        "2.7.0",
        "2.8.0",
        "2.9.0",
        "2.9.1",
        "2.9.2",
        "2.9.3"
      ],
      "database_specific": {
        "source": "https://github.com/github/advisory-database/blob/main/advisories/github-reviewed/2024/08/GHSA-2326-hx7g-3m9r/GHSA-2326-hx7g-3m9r.json"
      }
    }
  ],
  "schema_version": "1.6.0",
  "severity": [
    {
      "type": "CVSS_V3",
      "score": "CVSS:3.1/AV:N/AC:H/PR:N/UI:N/S:U/C:N/I:H/A:N"
    },
    {
      "type": "CVSS_V4",
      "score": "CVSS:4.0/AV:N/AC:H/AT:N/PR:N/UI:N/VC:N/VI:H/VA:N/SC:N/SI:N/SA:N"
    }
  ]
}