{
  "id": "GHSA-3g4c-hjhr-73rj",
  "summary": "CometVisu Backend for openHAB has a sensitive information disclosure vulnerability",
  "details": "Several endpoints in the CometVisu add-on of openHAB don't require authentication. This makes it possible for unauthenticated attackers to modify or to steal sensitive data.\n\n## Impact\n\nThis issue may lead to sensitive Information Disclosure.",
  "aliases": [
    "CVE-2024-42470"
  ],
  "modified": "2024-08-12T16:01:17Z",
  "published": "2024-08-09T18:21:22Z",
  "database_specific": {
    "nvd_published_at": "2024-08-12T13:38:35Z",
    "cwe_ids": [
      "CWE-862"
    ],
    "severity": "MODERATE",
    "github_reviewed": true,
    "github_reviewed_at": "2024-08-09T18:21:22Z"
  },
  "references": [
    {
      "type": "WEB",
      "url": "https://github.com/openhab/openhab-webui/security/advisories/GHSA-3g4c-hjhr-73rj"
    },
    {
      "type": "ADVISORY",
      "url": "https://nvd.nist.gov/vuln/detail/CVE-2024-42470"
    },
    {
      "type": "WEB",
      "url": "https://github.com/openhab/openhab-webui/commit/630e8525835c698cf58856aa43782d92b18087f2"
    },
    {
      "type": "PACKAGE",
      "url": "https://github.com/openhab/openhab-webui"
    }
  ],
  "affected": [
    {
      "package": {
        "name": "org.openhab.ui.bundles:org.openhab.ui.cometvisu",
        "ecosystem": "Maven",
        "purl": "pkg:maven/org.openhab.ui.bundles/org.openhab.ui.cometvisu"
      },
      "ranges": [
        {
          "type": "ECOSYSTEM",
          "events": [
            {
              "introduced": "0"
            },
            {
              "fixed": "4.2.1"
            }
          ]
        }
      ],
      "database_specific": {
        "last_known_affected_version_range": "<= 4.2.0",
        "source": "https://github.com/github/advisory-database/blob/main/advisories/github-reviewed/2024/08/GHSA-3g4c-hjhr-73rj/GHSA-3g4c-hjhr-73rj.json"
      },
      "versions": []
    }
  ],
  "schema_version": "1.6.0",
  "severity": [
    {
      "type": "CVSS_V3",
      "score": "CVSS:3.1/AV:N/AC:L/PR:N/UI:N/S:U/C:L/I:L/A:N"
    },
    {
      "type": "CVSS_V4",
      "score": "CVSS:4.0/AV:N/AC:L/AT:N/PR:N/UI:N/VC:L/VI:L/VA:N/SC:N/SI:N/SA:N"
    }
  ]
}