{
  "id": "GHSA-29rc-vq7f-x335",
  "summary": "Apache HugeGraph-Server: Command execution in gremlin",
  "details": "RCE-Remote Command Execution vulnerability in Apache HugeGraph-Server.This issue affects Apache HugeGraph-Server: from 1.0.0 before 1.3.0 in Java8 & Java11\n\nUsers are recommended to upgrade to version 1.3.0 with Java11 & enable the Auth system, which fixes the issue.\n\n",
  "aliases": [
    "CVE-2024-27348"
  ],
  "modified": "2024-08-02T15:50:41.692053Z",
  "published": "2024-04-22T15:30:41Z",
  "database_specific": {
    "nvd_published_at": "2024-04-22T14:15:07Z",
    "cwe_ids": [
      "CWE-284",
      "CWE-77"
    ],
    "severity": "CRITICAL",
    "github_reviewed": true,
    "github_reviewed_at": "2024-04-22T18:37:52Z"
  },
  "references": [
    {
      "type": "ADVISORY",
      "url": "https://nvd.nist.gov/vuln/detail/CVE-2024-27348"
    },
    {
      "type": "WEB",
      "url": "https://github.com/apache/incubator-hugegraph/commit/713d88d1fd9953c3c3e3f130389501910ba40e1d"
    },
    {
      "type": "PACKAGE",
      "url": "https://github.com/apache/incubator-hugegraph"
    },
    {
      "type": "WEB",
      "url": "https://hugegraph.apache.org/docs/config/config-authentication/#configure-user-authentication"
    },
    {
      "type": "WEB",
      "url": "https://lists.apache.org/thread/nx6g6htyhpgtzsocybm242781o8w5kq9"
    },
    {
      "type": "WEB",
      "url": "http://www.openwall.com/lists/oss-security/2024/04/22/3"
    }
  ],
  "affected": [
    {
      "package": {
        "name": "org.apache.hugegraph:hugegraph-api",
        "ecosystem": "Maven",
        "purl": "pkg:maven/org.apache.hugegraph/hugegraph-api"
      },
      "ranges": [
        {
          "type": "ECOSYSTEM",
          "events": [
            {
              "introduced": "1.0.0"
            },
            {
              "fixed": "1.3.0"
            }
          ]
        }
      ],
      "versions": [
        "1.0.0",
        "1.2.0"
      ],
      "database_specific": {
        "source": "https://github.com/github/advisory-database/blob/main/advisories/github-reviewed/2024/04/GHSA-29rc-vq7f-x335/GHSA-29rc-vq7f-x335.json"
      }
    },
    {
      "package": {
        "name": "org.apache.hugegraph:hugegraph-core",
        "ecosystem": "Maven",
        "purl": "pkg:maven/org.apache.hugegraph/hugegraph-core"
      },
      "ranges": [
        {
          "type": "ECOSYSTEM",
          "events": [
            {
              "introduced": "1.0.0"
            },
            {
              "fixed": "1.3.0"
            }
          ]
        }
      ],
      "versions": [
        "1.0.0",
        "1.2.0"
      ],
      "database_specific": {
        "source": "https://github.com/github/advisory-database/blob/main/advisories/github-reviewed/2024/04/GHSA-29rc-vq7f-x335/GHSA-29rc-vq7f-x335.json"
      }
    }
  ],
  "schema_version": "1.6.0",
  "severity": [
    {
      "type": "CVSS_V3",
      "score": "CVSS:3.1/AV:N/AC:L/PR:N/UI:N/S:U/C:H/I:H/A:H"
    },
    {
      "type": "CVSS_V4",
      "score": "CVSS:4.0/AV:N/AC:L/AT:N/PR:N/UI:N/VC:H/VI:H/VA:H/SC:N/SI:N/SA:N"
    }
  ]
}