{
  "id": "GHSA-3cpq-rw36-cppv",
  "summary": "Secret file credentials stored unencrypted in rare cases by Plain Credentials Plugin ",
  "details": "When creating secret file credentials Plain Credentials Plugin 182.v468b_97b_9dcb_8 and earlier attempts to decrypt the content of the file to check if it constitutes a valid encrypted secret. In rare cases the file content matches the expected format of an encrypted secret, and the file content will be stored unencrypted (only Base64 encoded) on the Jenkins controller file system.\n\nThese credentials can be viewed by users with access to the Jenkins controller file system (global credentials) or with Item/Extended Read permission (folder-scoped credentials).\n\nPlain Credentials Plugin 183.va_de8f1dd5a_2b_ no longer attempts to decrypt the content of the file when creating secret file credentials.\n",
  "aliases": [
    "CVE-2024-39459"
  ],
  "modified": "2024-06-26T20:27:47.831699Z",
  "published": "2024-06-26T18:30:28Z",
  "database_specific": {
    "nvd_published_at": "2024-06-26T17:15:27Z",
    "cwe_ids": [
      "CWE-319"
    ],
    "severity": "MODERATE",
    "github_reviewed": true,
    "github_reviewed_at": "2024-06-26T20:07:12Z"
  },
  "references": [
    {
      "type": "ADVISORY",
      "url": "https://nvd.nist.gov/vuln/detail/CVE-2024-39459"
    },
    {
      "type": "WEB",
      "url": "https://github.com/jenkinsci/plain-credentials-plugin/commit/ade8f1dd5a2bc69357995fd50baac56d73f80813"
    },
    {
      "type": "PACKAGE",
      "url": "https://github.com/jenkinsci/plain-credentials-plugin"
    },
    {
      "type": "WEB",
      "url": "https://www.jenkins.io/security/advisory/2024-06-26/#SECURITY-2495"
    },
    {
      "type": "WEB",
      "url": "http://www.openwall.com/lists/oss-security/2024/06/26/2"
    }
  ],
  "affected": [
    {
      "package": {
        "name": "org.jenkins-ci.plugins:plain-credentials",
        "ecosystem": "Maven",
        "purl": "pkg:maven/org.jenkins-ci.plugins/plain-credentials"
      },
      "ranges": [
        {
          "type": "ECOSYSTEM",
          "events": [
            {
              "introduced": "0"
            },
            {
              "fixed": "183.va"
            }
          ]
        }
      ],
      "versions": [
        "1.0",
        "1.0-beta-1",
        "1.0-beta-2",
        "1.0-beta-3",
        "1.0-beta-4",
        "1.1",
        "1.2",
        "1.3",
        "1.4",
        "1.5",
        "1.6",
        "1.7",
        "1.8",
        "139.ved2b_9cf7587b",
        "143.v1b_df8b_d3b_e48",
        "177.vb_231f25527e7",
        "179.vc5cb_98f6db_38",
        "182.v468b_97b_9dcb_8"
      ],
      "database_specific": {
        "source": "https://github.com/github/advisory-database/blob/main/advisories/github-reviewed/2024/06/GHSA-3cpq-rw36-cppv/GHSA-3cpq-rw36-cppv.json"
      }
    }
  ],
  "schema_version": "1.6.0",
  "severity": [
    {
      "type": "CVSS_V3",
      "score": "CVSS:3.1/AV:N/AC:L/PR:L/UI:N/S:U/C:L/I:N/A:N"
    }
  ]
}